-- Seed data for Vimal Store — run after db/schema.sql (local PostgreSQL)
-- psql -h 127.0.0.1 -U your_user -d your_database -f db/seed.sql

DELETE FROM chat_messages;
DELETE FROM notifications;
DELETE FROM reviews;
DELETE FROM payments;
DELETE FROM order_items;
DELETE FROM orders;
DELETE FROM cart_items;
DELETE FROM carts;
DELETE FROM wishlists;
DELETE FROM addresses;
DELETE FROM product_images;
DELETE FROM products;
DELETE FROM coupons;
DELETE FROM delivery_zones;
DELETE FROM categories;
-- Categories (fixed UUIDs for stable FK references)
INSERT INTO categories (id, name, slug, description, image_url, hero_image_url, sort_order) VALUES
('11111111-1111-1111-1111-111111111101', 'Groceries', 'groceries', 'Staples and dry goods', 'https://images.unsplash.com/photo-1542838132-92c53300491e?w=800&q=80', 'https://images.unsplash.com/photo-1586201375586-8ce01f9cc18f?w=1600&q=80', 1),
('11111111-1111-1111-1111-111111111102', 'Vegetables', 'vegetables', 'Farm-fresh produce', 'https://images.unsplash.com/photo-1540420773420-3366772f4999?w=800&q=80', 'https://images.unsplash.com/photo-1466692476869-aef1c61f89cd?w=1600&q=80', 2),
('11111111-1111-1111-1111-111111111103', 'Dairy', 'dairy', 'Milk and dairy products', 'https://images.unsplash.com/photo-1550583724-b2692b85b150?w=800&q=80', 'https://images.unsplash.com/photo-1563636619-e9143da7973b?w=1600&q=80', 3),
('11111111-1111-1111-1111-111111111104', 'Beverages', 'beverages', 'Juices and drinks', 'https://images.unsplash.com/photo-1437418747212-8d970802af53?w=800&q=80', 'https://images.unsplash.com/photo-1624517452999-48609bebcde7?w=1600&q=80', 4),
('11111111-1111-1111-1111-111111111105', 'Personal Care', 'personal-care', 'Daily essentials', 'https://images.unsplash.com/photo-1556228720-195a672e8a03?w=800&q=80', 'https://images.unsplash.com/photo-1570194065650-d99fb4b38b14?w=1600&q=80', 5),
('11111111-1111-1111-1111-111111111106', 'Home Essentials', 'home-essentials', 'Cleaning and household', 'https://images.unsplash.com/photo-1585421514738-01798e348b17?w=800&q=80', 'https://images.unsplash.com/photo-1563453392212-326f5e854473?w=1600&q=80', 6);

-- Demo delivery zone (replace with your shop coordinates)
INSERT INTO delivery_zones (name, center_latitude, center_longitude, radius_km) VALUES
('Main Store', 13.0, 80.0, 10);

INSERT INTO settings (key, value) VALUES
('shop.name', 'Demo Grocery'),
('shop.phone', '+10000000000'),
('shop.email', 'shop@example.com'),
('shop.address', '123 Example Street, Example City'),
('shop.latitude', '13.0'),
('shop.longitude', '80.0'),
('delivery.radius_km', '10'),
('referral.enabled', 'true');

INSERT INTO coupons (code, description, discount_type, discount_value, min_order_value, active) VALUES
('WELCOME10', 'Welcome discount 10%', 'PERCENT', 10, 299, true),
('SAVE50', 'Flat ₹50 off', 'FIXED', 50, 500, true);

-- Groceries (20) — Unsplash sources (royalty-free)
INSERT INTO products (name, description, category_id, price, discounted_price, unit, image_url, thumbnail_url, medium_url, large_url, featured, badge, avg_rating) VALUES
('Basmati Rice 5kg', 'Premium long-grain basmati rice.', '11111111-1111-1111-1111-111111111101', 420.00, 399.00, 'bag', 'https://images.unsplash.com/photo-1586201375586-8ce01f9cc18f?w=1200&q=80', 'https://images.unsplash.com/photo-1586201375586-8ce01f9cc18f?w=300&q=80', 'https://images.unsplash.com/photo-1586201375586-8ce01f9cc18f?w=800&q=80', 'https://images.unsplash.com/photo-1586201375586-8ce01f9cc18f?w=1200&q=80', true, 'Best Seller', 4.7),
('Toor Dal 1kg', 'Split pigeon peas for everyday cooking.', '11111111-1111-1111-1111-111111111101', 145.00, NULL, 'pack', 'https://images.unsplash.com/photo-1596797038530-2c107229994b?w=1200&q=80', 'https://images.unsplash.com/photo-1596797038530-2c107229994b?w=300&q=80', 'https://images.unsplash.com/photo-1596797038530-2c107229994b?w=800&q=80', 'https://images.unsplash.com/photo-1596797038530-2c107229994b?w=1200&q=80', false, 'Fresh', 4.5),
('Moong Dal 500g', 'Yellow moong dal.', '11111111-1111-1111-1111-111111111101', 72.00, 65.00, 'pack', 'https://images.unsplash.com/photo-1615485925606-36450965d030?w=1200&q=80', 'https://images.unsplash.com/photo-1615485925606-36450965d030?w=300&q=80', 'https://images.unsplash.com/photo-1615485925606-36450965d030?w=800&q=80', 'https://images.unsplash.com/photo-1615485925606-36450965d030?w=1200&q=80', false, NULL, 4.4),
('Rajma 500g', 'Red kidney beans.', '11111111-1111-1111-1111-111111111101', 95.00, NULL, 'pack', 'https://images.unsplash.com/photo-1599599810769-bcde5a160d32?w=1200&q=80', 'https://images.unsplash.com/photo-1599599810769-bcde5a160d32?w=300&q=80', 'https://images.unsplash.com/photo-1599599810769-bcde5a160d32?w=800&q=80', 'https://images.unsplash.com/photo-1599599810769-bcde5a160d32?w=1200&q=80', false, NULL, 4.6),
('Chana Dal 1kg', 'Split chickpeas.', '11111111-1111-1111-1111-111111111101', 110.00, NULL, 'pack', 'https://images.unsplash.com/photo-1515543903913-04be152ef69f?w=1200&q=80', 'https://images.unsplash.com/photo-1515543903913-04be152ef69f?w=300&q=80', 'https://images.unsplash.com/photo-1515543903913-04be152ef69f?w=800&q=80', 'https://images.unsplash.com/photo-1515543903913-04be152ef69f?w=1200&q=80', false, NULL, 4.3),
('Sugar 2kg', 'Fine crystal sugar.', '11111111-1111-1111-1111-111111111101', 95.00, NULL, 'bag', 'https://images.unsplash.com/photo-1584269631736-daffd36ad63f?w=1200&q=80', 'https://images.unsplash.com/photo-1584269631736-daffd36ad63f?w=300&q=80', 'https://images.unsplash.com/photo-1584269631736-daffd36ad63f?w=800&q=80', 'https://images.unsplash.com/photo-1584269631736-daffd36ad63f?w=1200&q=80', false, NULL, 4.2),
('Whole Wheat Atta 5kg', 'Stone-ground wheat flour.', '11111111-1111-1111-1111-111111111101', 265.00, 249.00, 'bag', 'https://images.unsplash.com/photo-1612929633738-8fe44f83ca41?w=1200&q=80', 'https://images.unsplash.com/photo-1612929633738-8fe44f83ca41?w=300&q=80', 'https://images.unsplash.com/photo-1612929633738-8fe44f83ca41?w=800&q=80', 'https://images.unsplash.com/photo-1612929633738-8fe44f83ca41?w=1200&q=80', true, 'Popular', 4.8),
('Refined Oil 1L', 'Sunflower cooking oil.', '11111111-1111-1111-1111-111111111101', 165.00, NULL, 'bottle', 'https://images.unsplash.com/photo-1474979266404-7eaacbcd87c5?w=1200&q=80', 'https://images.unsplash.com/photo-1474979266404-7eaacbcd87c5?w=300&q=80', 'https://images.unsplash.com/photo-1474979266404-7eaacbcd87c5?w=800&q=80', 'https://images.unsplash.com/photo-1474979266404-7eaacbcd87c5?w=1200&q=80', false, NULL, 4.5),
('Mustard Oil 500ml', 'Cold-pressed mustard oil.', '11111111-1111-1111-1111-111111111101', 120.00, NULL, 'bottle', 'https://images.unsplash.com/photo-1606914469634-bd392b59827e?w=1200&q=80', 'https://images.unsplash.com/photo-1606914469634-bd392b59827e?w=300&q=80', 'https://images.unsplash.com/photo-1606914469634-bd392b59827e?w=800&q=80', 'https://images.unsplash.com/photo-1606914469634-bd392b59827e?w=1200&q=80', false, NULL, 4.4),
('Salt 1kg', 'Iodized table salt.', '11111111-1111-1111-1111-111111111101', 28.00, NULL, 'pack', 'https://images.unsplash.com/photo-1518110925495-5fe2fda0442c?w=1200&q=80', 'https://images.unsplash.com/photo-1518110925495-5fe2fda0442c?w=300&q=80', 'https://images.unsplash.com/photo-1518110925495-5fe2fda0442c?w=800&q=80', 'https://images.unsplash.com/photo-1518110925495-5fe2fda0442c?w=1200&q=80', false, NULL, 4.1),
('Turmeric Powder 200g', 'Pure turmeric powder.', '11111111-1111-1111-1111-111111111101', 55.00, NULL, 'pack', 'https://images.unsplash.com/photo-1596040033229-a9821ebd058d?w=1200&q=80', 'https://images.unsplash.com/photo-1596040033229-a9821ebd058d?w=300&q=80', 'https://images.unsplash.com/photo-1596040033229-a9821ebd058d?w=800&q=80', 'https://images.unsplash.com/photo-1596040033229-a9821ebd058d?w=1200&q=80', false, NULL, 4.6),
('Red Chilli Powder 200g', 'Medium spicy chilli powder.', '11111111-1111-1111-1111-111111111101', 62.00, NULL, 'pack', 'https://images.unsplash.com/photo-1596040033229-a9821ebd058d?w=1200&q=80', 'https://images.unsplash.com/photo-1596040033229-a9821ebd058d?w=300&q=80', 'https://images.unsplash.com/photo-1596040033229-a9821ebd058d?w=800&q=80', 'https://images.unsplash.com/photo-1596040033229-a9821ebd058d?w=1200&q=80', false, NULL, 4.5),
('Semolina 500g', 'Fine sooji for upma and halwa.', '11111111-1111-1111-1111-111111111101', 42.00, NULL, 'pack', 'https://images.unsplash.com/photo-1610725663955-09c70464de54?w=1200&q=80', 'https://images.unsplash.com/photo-1610725663955-09c70464de54?w=300&q=80', 'https://images.unsplash.com/photo-1610725663955-09c70464de54?w=800&q=80', 'https://images.unsplash.com/photo-1610725663955-09c70464de54?w=1200&q=80', false, NULL, 4.3),
('Poha 500g', 'Flattened rice flakes.', '11111111-1111-1111-1111-111111111101', 48.00, NULL, 'pack', 'https://images.unsplash.com/photo-1604908176899-638820659f05?w=1200&q=80', 'https://images.unsplash.com/photo-1604908176899-638820659f05?w=300&q=80', 'https://images.unsplash.com/photo-1604908176899-638820659f05?w=800&q=80', 'https://images.unsplash.com/photo-1604908176899-638820659f05?w=1200&q=80', false, NULL, 4.4),
('Vermicelli 400g', 'Roasted semiya.', '11111111-1111-1111-1111-111111111101', 52.00, NULL, 'pack', 'https://images.unsplash.com/photo-1587735243475-46f23745f65f?w=1200&q=80', 'https://images.unsplash.com/photo-1587735243475-46f23745f65f?w=300&q=80', 'https://images.unsplash.com/photo-1587735243475-46f23745f65f?w=800&q=80', 'https://images.unsplash.com/photo-1587735243475-46f23745f65f?w=1200&q=80', false, NULL, 4.2),
('Besan 500g', 'Chickpea flour for pakoras.', '11111111-1111-1111-1111-111111111101', 58.00, NULL, 'pack', 'https://images.unsplash.com/photo-1615485925606-36450965d030?w=1200&q=80', 'https://images.unsplash.com/photo-1615485925606-36450965d030?w=300&q=80', 'https://images.unsplash.com/photo-1615485925606-36450965d030?w=800&q=80', 'https://images.unsplash.com/photo-1615485925606-36450965d030?w=1200&q=80', false, NULL, 4.5),
('Jaggery 500g', 'Natural palm jaggery.', '11111111-1111-1111-1111-111111111101', 65.00, NULL, 'pack', 'https://images.unsplash.com/photo-1599599810769-bcde5a160d32?w=1200&q=80', 'https://images.unsplash.com/photo-1599599810769-bcde5a160d32?w=300&q=80', 'https://images.unsplash.com/photo-1599599810769-bcde5a160d32?w=800&q=80', 'https://images.unsplash.com/photo-1599599810769-bcde5a160d32?w=1200&q=80', false, NULL, 4.6),
('Tea Leaves 250g', 'Strong blend tea.', '11111111-1111-1111-1111-111111111101', 115.00, 99.00, 'pack', 'https://images.unsplash.com/photo-1564890369479-c89ca6d9cde9?w=1200&q=80', 'https://images.unsplash.com/photo-1564890369479-c89ca6d9cde9?w=300&q=80', 'https://images.unsplash.com/photo-1564890369479-c89ca6d9cde9?w=800&q=80', 'https://images.unsplash.com/photo-1564890369479-c89ca6d9cde9?w=1200&q=80', false, 'Popular', 4.7),
('Coffee Powder 200g', 'South Indian filter coffee.', '11111111-1111-1111-1111-111111111101', 185.00, NULL, 'pack', 'https://images.unsplash.com/photo-1559056199-641a0ac8b55e?w=1200&q=80', 'https://images.unsplash.com/photo-1559056199-641a0ac8b55e?w=300&q=80', 'https://images.unsplash.com/photo-1559056199-641a0ac8b55e?w=800&q=80', 'https://images.unsplash.com/photo-1559056199-641a0ac8b55e?w=1200&q=80', false, NULL, 4.6),
('Cornflakes 500g', 'Breakfast cereal.', '11111111-1111-1111-1111-111111111101', 175.00, NULL, 'box', 'https://images.unsplash.com/photo-1526318896980-cf78c088247c?w=1200&q=80', 'https://images.unsplash.com/photo-1526318896980-cf78c088247c?w=300&q=80', 'https://images.unsplash.com/photo-1526318896980-cf78c088247c?w=800&q=80', 'https://images.unsplash.com/photo-1526318896980-cf78c088247c?w=1200&q=80', false, NULL, 4.4),
('Ragi Flour 500g', 'Nutritious finger millet flour.', '11111111-1111-1111-1111-111111111101', 68.00, NULL, 'pack', 'https://images.unsplash.com/photo-1612929633738-8fe44f83ca41?w=1200&q=80', 'https://images.unsplash.com/photo-1612929633738-8fe44f83ca41?w=300&q=80', 'https://images.unsplash.com/photo-1612929633738-8fe44f83ca41?w=800&q=80', 'https://images.unsplash.com/photo-1612929633738-8fe44f83ca41?w=1200&q=80', false, 'Fresh', 4.5);

-- Vegetables (15)
INSERT INTO products (name, description, category_id, price, discounted_price, unit, image_url, thumbnail_url, medium_url, large_url, featured, badge, avg_rating) VALUES
('Tomatoes 500g', 'Vine-ripe tomatoes.', '11111111-1111-1111-1111-111111111102', 35.00, NULL, 'pack', 'https://images.unsplash.com/photo-1546470427-e262649cba84?w=1200&q=80', 'https://images.unsplash.com/photo-1546470427-e262649cba84?w=300&q=80', 'https://images.unsplash.com/photo-1546470427-e262649cba84?w=800&q=80', 'https://images.unsplash.com/photo-1546470427-e262649cba84?w=1200&q=80', true, 'Fresh', 4.8),
('Onions 1kg', 'Medium-sized onions.', '11111111-1111-1111-1111-111111111102', 42.00, NULL, 'kg', 'https://images.unsplash.com/photo-1518977822534-7049a61ee0c2?w=1200&q=80', 'https://images.unsplash.com/photo-1518977822534-7049a61ee0c2?w=300&q=80', 'https://images.unsplash.com/photo-1518977822534-7049a61ee0c2?w=800&q=80', 'https://images.unsplash.com/photo-1518977822534-7049a61ee0c2?w=1200&q=80', false, NULL, 4.6),
('Potatoes 1kg', 'Washed table potatoes.', '11111111-1111-1111-1111-111111111102', 38.00, NULL, 'kg', 'https://images.unsplash.com/photo-1518977822534-7049a61ee0c2?w=1200&q=80', 'https://images.unsplash.com/photo-1518977822534-7049a61ee0c2?w=300&q=80', 'https://images.unsplash.com/photo-1518977822534-7049a61ee0c2?w=800&q=80', 'https://images.unsplash.com/photo-1518977822534-7049a61ee0c2?w=1200&q=80', false, NULL, 4.5),
('Spinach Bunch', 'Fresh palak.', '11111111-1111-1111-1111-111111111102', 25.00, NULL, 'bunch', 'https://images.unsplash.com/photo-1576045057995-568f588f82fb?w=1200&q=80', 'https://images.unsplash.com/photo-1576045057995-568f588f82fb?w=300&q=80', 'https://images.unsplash.com/photo-1576045057995-568f588f82fb?w=800&q=80', 'https://images.unsplash.com/photo-1576045057995-568f588f82fb?w=1200&q=80', false, NULL, 4.7),
('Coriander Bunch', 'Fresh coriander leaves.', '11111111-1111-1111-1111-111111111102', 15.00, NULL, 'bunch', 'https://images.unsplash.com/photo-1596797038530-2c107229994b?w=1200&q=80', 'https://images.unsplash.com/photo-1596797038530-2c107229994b?w=300&q=80', 'https://images.unsplash.com/photo-1596797038530-2c107229994b?w=800&q=80', 'https://images.unsplash.com/photo-1596797038530-2c107229994b?w=1200&q=80', false, NULL, 4.4),
('Green Chillies 100g', 'Medium heat chillies.', '11111111-1111-1111-1111-111111111102', 18.00, NULL, 'pack', 'https://images.unsplash.com/photo-1587735243615-cde68ac77bdf?w=1200&q=80', 'https://images.unsplash.com/photo-1587735243615-cde68ac77bdf?w=300&q=80', 'https://images.unsplash.com/photo-1587735243615-cde68ac77bdf?w=800&q=80', 'https://images.unsplash.com/photo-1587735243615-cde68ac77bdf?w=1200&q=80', false, NULL, 4.5),
('Carrots 500g', 'Sweet orange carrots.', '11111111-1111-1111-1111-111111111102', 45.00, NULL, 'pack', 'https://images.unsplash.com/photo-1598170845058-32b9d6a5da37?w=1200&q=80', 'https://images.unsplash.com/photo-1598170845058-32b9d6a5da37?w=300&q=80', 'https://images.unsplash.com/photo-1598170845058-32b9d6a5da37?w=800&q=80', 'https://images.unsplash.com/photo-1598170845058-32b9d6a5da37?w=1200&q=80', false, NULL, 4.6),
('Cauliflower', 'Whole cauliflower.', '11111111-1111-1111-1111-111111111102', 55.00, NULL, 'pcs', 'https://images.unsplash.com/photo-1566844342887-39f47be65afe?w=1200&q=80', 'https://images.unsplash.com/photo-1566844342887-39f47be65afe?w=300&q=80', 'https://images.unsplash.com/photo-1566844342887-39f47be65afe?w=800&q=80', 'https://images.unsplash.com/photo-1566844342887-39f47be65afe?w=1200&q=80', false, NULL, 4.5),
('Brinjal 500g', 'Fresh purple brinjals.', '11111111-1111-1111-1111-111111111102', 32.00, NULL, 'pack', 'https://images.unsplash.com/photo-1615485290382-441f9e82ccfe?w=1200&q=80', 'https://images.unsplash.com/photo-1615485290382-441f9e82ccfe?w=300&q=80', 'https://images.unsplash.com/photo-1615485290382-441f9e82ccfe?w=800&q=80', 'https://images.unsplash.com/photo-1615485290382-441f9e82ccfe?w=1200&q=80', false, NULL, 4.4),
('Okra 250g', 'Tender ladies finger.', '11111111-1111-1111-1111-111111111102', 38.00, NULL, 'pack', 'https://images.unsplash.com/photo-1594282486552-05b4d80fbb9f?w=1200&q=80', 'https://images.unsplash.com/photo-1594282486552-05b4d80fbb9f?w=300&q=80', 'https://images.unsplash.com/photo-1594282486552-05b4d80fbb9f?w=800&q=80', 'https://images.unsplash.com/photo-1594282486552-05b4d80fbb9f?w=1200&q=80', false, NULL, 4.5),
('Capsicum 250g', 'Green bell peppers.', '11111111-1111-1111-1111-111111111102', 48.00, NULL, 'pack', 'https://images.unsplash.com/photo-1563565375-f3fdfdbefa83?w=1200&q=80', 'https://images.unsplash.com/photo-1563565375-f3fdfdbefa83?w=300&q=80', 'https://images.unsplash.com/photo-1563565375-f3fdfdbefa83?w=800&q=80', 'https://images.unsplash.com/photo-1563565375-f3fdfdbefa83?w=1200&q=80', false, NULL, 4.4),
('Cucumber 500g', 'Fresh salad cucumbers.', '11111111-1111-1111-1111-111111111102', 28.00, NULL, 'pack', 'https://images.unsplash.com/photo-1449300079323-02e209d9d3a6?w=1200&q=80', 'https://images.unsplash.com/photo-1449300079323-02e209d9d3a6?w=300&q=80', 'https://images.unsplash.com/photo-1449300079323-02e209d9d3a6?w=800&q=80', 'https://images.unsplash.com/photo-1449300079323-02e209d9d3a6?w=1200&q=80', false, NULL, 4.6),
('Beetroot 500g', 'Farm beetroots.', '11111111-1111-1111-1111-111111111102', 42.00, NULL, 'pack', 'https://images.unsplash.com/photo-1598170845058-32b9d6a5da37?w=1200&q=80', 'https://images.unsplash.com/photo-1598170845058-32b9d6a5da37?w=300&q=80', 'https://images.unsplash.com/photo-1598170845058-32b9d6a5da37?w=800&q=80', 'https://images.unsplash.com/photo-1598170845058-32b9d6a5da37?w=1200&q=80', false, NULL, 4.3),
('Drumstick 250g', 'Fresh moringa pods.', '11111111-1111-1111-1111-111111111102', 55.00, NULL, 'pack', 'https://images.unsplash.com/photo-1466692476869-aef1c61f89cd?w=1200&q=80', 'https://images.unsplash.com/photo-1466692476869-aef1c61f89cd?w=300&q=80', 'https://images.unsplash.com/photo-1466692476869-aef1c61f89cd?w=800&q=80', 'https://images.unsplash.com/photo-1466692476869-aef1c61f89cd?w=1200&q=80', false, NULL, 4.5),
('Curry Leaves', 'Aromatic curry leaves.', '11111111-1111-1111-1111-111111111102', 12.00, NULL, 'bunch', 'https://images.unsplash.com/photo-1576045057995-568f588f82fb?w=1200&q=80', 'https://images.unsplash.com/photo-1576045057995-568f588f82fb?w=300&q=80', 'https://images.unsplash.com/photo-1576045057995-568f588f82fb?w=800&q=80', 'https://images.unsplash.com/photo-1576045057995-568f588f82fb?w=1200&q=80', false, NULL, 4.4);

-- Dairy (10)
INSERT INTO products (name, description, category_id, price, discounted_price, unit, image_url, thumbnail_url, medium_url, large_url, featured, badge, avg_rating) VALUES
('Full Cream Milk 1L', 'Pasteurized milk.', '11111111-1111-1111-1111-111111111103', 56.00, NULL, 'packet', 'https://images.unsplash.com/photo-1563636619-e9143da7973b?w=1200&q=80', 'https://images.unsplash.com/photo-1563636619-e9143da7973b?w=300&q=80', 'https://images.unsplash.com/photo-1563636619-e9143da7973b?w=800&q=80', 'https://images.unsplash.com/photo-1563636619-e9143da7973b?w=1200&q=80', true, 'Fresh', 4.8),
('Toned Milk 500ml', 'Low-fat toned milk.', '11111111-1111-1111-1111-111111111103', 28.00, NULL, 'packet', 'https://images.unsplash.com/photo-1550583724-b2692b85b150?w=1200&q=80', 'https://images.unsplash.com/photo-1550583724-b2692b85b150?w=300&q=80', 'https://images.unsplash.com/photo-1550583724-b2692b85b150?w=800&q=80', 'https://images.unsplash.com/photo-1550583724-b2692b85b150?w=1200&q=80', false, NULL, 4.6),
('Fresh Curd 400g', 'Thick set curd.', '11111111-1111-1111-1111-111111111103', 42.00, NULL, 'cup', 'https://images.unsplash.com/photo-1488477181946-6428a0291777?w=1200&q=80', 'https://images.unsplash.com/photo-1488477181946-6428a0291777?w=300&q=80', 'https://images.unsplash.com/photo-1488477181946-6428a0291777?w=800&q=80', 'https://images.unsplash.com/photo-1488477181946-6428a0291777?w=1200&q=80', false, NULL, 4.7),
('Salted Butter 100g', 'Creamy butter.', '11111111-1111-1111-1111-111111111103', 58.00, NULL, 'pack', 'https://images.unsplash.com/photo-1589985270826-4b7eb12314e8?w=1200&q=80', 'https://images.unsplash.com/photo-1589985270826-4b7eb12314e8?w=300&q=80', 'https://images.unsplash.com/photo-1589985270826-4b7eb12314e8?w=800&q=80', 'https://images.unsplash.com/photo-1589985270826-4b7eb12314e8?w=1200&q=80', false, NULL, 4.6),
('Paneer 200g', 'Fresh cottage cheese.', '11111111-1111-1111-1111-111111111103', 95.00, NULL, 'pack', 'https://images.unsplash.com/photo-1631452180519-c014fe946bc7?w=1200&q=80', 'https://images.unsplash.com/photo-1631452180519-c014fe946bc7?w=300&q=80', 'https://images.unsplash.com/photo-1631452180519-c014fe946bc7?w=800&q=80', 'https://images.unsplash.com/photo-1631452180519-c014fe946bc7?w=1200&q=80', false, 'Popular', 4.8),
('Ghee 500ml', 'Pure cow ghee.', '11111111-1111-1111-1111-111111111103', 385.00, 359.00, 'jar', 'https://images.unsplash.com/photo-1586201375586-8ce01f9cc18f?w=1200&q=80', 'https://images.unsplash.com/photo-1586201375586-8ce01f9cc18f?w=300&q=80', 'https://images.unsplash.com/photo-1586201375586-8ce01f9cc18f?w=800&q=80', 'https://images.unsplash.com/photo-1586201375586-8ce01f9cc18f?w=1200&q=80', false, NULL, 4.7),
('Cheese Slices 200g', 'Processed cheese slices.', '11111111-1111-1111-1111-111111111103', 135.00, NULL, 'pack', 'https://images.unsplash.com/photo-1486297678162-eb2a19b0a32d?w=1200&q=80', 'https://images.unsplash.com/photo-1486297678162-eb2a19b0a32d?w=300&q=80', 'https://images.unsplash.com/photo-1486297678162-eb2a19b0a32d?w=800&q=80', 'https://images.unsplash.com/photo-1486297678162-eb2a19b0a32d?w=1200&q=80', false, NULL, 4.5),
('Flavored Yogurt 400g', 'Strawberry yogurt.', '11111111-1111-1111-1111-111111111103', 65.00, NULL, 'cup', 'https://images.unsplash.com/photo-1488477181946-6428a0291777?w=1200&q=80', 'https://images.unsplash.com/photo-1488477181946-6428a0291777?w=300&q=80', 'https://images.unsplash.com/photo-1488477181946-6428a0291777?w=800&q=80', 'https://images.unsplash.com/photo-1488477181946-6428a0291777?w=1200&q=80', false, NULL, 4.4),
('Buttermilk 500ml', 'Spiced chaas.', '11111111-1111-1111-1111-111111111103', 22.00, NULL, 'bottle', 'https://images.unsplash.com/photo-1625772299848-391b6a87d16c?w=1200&q=80', 'https://images.unsplash.com/photo-1625772299848-391b6a87d16c?w=300&q=80', 'https://images.unsplash.com/photo-1625772299848-391b6a87d16c?w=800&q=80', 'https://images.unsplash.com/photo-1625772299848-391b6a87d16c?w=1200&q=80', false, NULL, 4.3),
('Khoya 250g', 'Solid milk for sweets.', '11111111-1111-1111-1111-111111111103', 145.00, NULL, 'pack', 'https://images.unsplash.com/photo-1631452180519-c014fe946bc7?w=1200&q=80', 'https://images.unsplash.com/photo-1631452180519-c014fe946bc7?w=300&q=80', 'https://images.unsplash.com/photo-1631452180519-c014fe946bc7?w=800&q=80', 'https://images.unsplash.com/photo-1631452180519-c014fe946bc7?w=1200&q=80', false, NULL, 4.5);

-- Beverages (10)
INSERT INTO products (name, description, category_id, price, discounted_price, unit, image_url, thumbnail_url, medium_url, large_url, featured, badge, avg_rating) VALUES
('Orange Juice 1L', 'No added sugar.', '11111111-1111-1111-1111-111111111104', 115.00, NULL, 'bottle', 'https://images.unsplash.com/photo-1621506289937-a8e4df240d0b?w=1200&q=80', 'https://images.unsplash.com/photo-1621506289937-a8e4df240d0b?w=300&q=80', 'https://images.unsplash.com/photo-1621506289937-a8e4df240d0b?w=800&q=80', 'https://images.unsplash.com/photo-1621506289937-a8e4df240d0b?w=1200&q=80', false, NULL, 4.6),
('Mango Drink 600ml', 'Chilled mango beverage.', '11111111-1111-1111-1111-111111111104', 68.00, NULL, 'bottle', 'https://images.unsplash.com/photo-1624517452999-48609bebcde7?w=1200&q=80', 'https://images.unsplash.com/photo-1624517452999-48609bebcde7?w=300&q=80', 'https://images.unsplash.com/photo-1624517452999-48609bebcde7?w=800&q=80', 'https://images.unsplash.com/photo-1624517452999-48609bebcde7?w=1200&q=80', true, 'Popular', 4.7),
('Cola 750ml', 'Carbonated soft drink.', '11111111-1111-1111-1111-111111111104', 45.00, NULL, 'bottle', 'https://images.unsplash.com/photo-1629203851122-3726ecdf080e?w=1200&q=80', 'https://images.unsplash.com/photo-1629203851122-3726ecdf080e?w=300&q=80', 'https://images.unsplash.com/photo-1629203851122-3726ecdf080e?w=800&q=80', 'https://images.unsplash.com/photo-1629203851122-3726ecdf080e?w=1200&q=80', false, NULL, 4.4),
('Mineral Water 1L', 'Packaged drinking water.', '11111111-1111-1111-1111-111111111104', 20.00, NULL, 'bottle', 'https://images.unsplash.com/photo-1548839140-29a749e1cf4d?w=1200&q=80', 'https://images.unsplash.com/photo-1548839140-29a749e1cf4d?w=300&q=80', 'https://images.unsplash.com/photo-1548839140-29a749e1cf4d?w=800&q=80', 'https://images.unsplash.com/photo-1548839140-29a749e1cf4d?w=1200&q=80', false, NULL, 4.3),
('Tender Coconut', 'Fresh coconut water.', '11111111-1111-1111-1111-111111111104', 55.00, NULL, 'pcs', 'https://images.unsplash.com/photo-1587735243475-46f23745f65f?w=1200&q=80', 'https://images.unsplash.com/photo-1587735243475-46f23745f65f?w=300&q=80', 'https://images.unsplash.com/photo-1587735243475-46f23745f65f?w=800&q=80', 'https://images.unsplash.com/photo-1587735243475-46f23745f65f?w=1200&q=80', false, 'Fresh', 4.8),
('Lemon Soda 600ml', 'Sparkling lemon.', '11111111-1111-1111-1111-111111111104', 52.00, NULL, 'bottle', 'https://images.unsplash.com/photo-1437418747212-8d970802af53?w=1200&q=80', 'https://images.unsplash.com/photo-1437418747212-8d970802af53?w=300&q=80', 'https://images.unsplash.com/photo-1437418747212-8d970802af53?w=800&q=80', 'https://images.unsplash.com/photo-1437418747212-8d970802af53?w=1200&q=80', false, NULL, 4.5),
('Apple Juice 1L', 'Cloudy apple juice.', '11111111-1111-1111-1111-111111111104', 125.00, NULL, 'bottle', 'https://images.unsplash.com/photo-1576673442512-1e2b03624253?w=1200&q=80', 'https://images.unsplash.com/photo-1576673442512-1e2b03624253?w=300&q=80', 'https://images.unsplash.com/photo-1576673442512-1e2b03624253?w=800&q=80', 'https://images.unsplash.com/photo-1576673442512-1e2b03624253?w=1200&q=80', false, NULL, 4.6),
('Iced Tea 500ml', 'Lemon iced tea.', '11111111-1111-1111-1111-111111111104', 48.00, NULL, 'bottle', 'https://images.unsplash.com/photo-1556679343-c7306c1976bc?w=1200&q=80', 'https://images.unsplash.com/photo-1556679343-c7306c1976bc?w=300&q=80', 'https://images.unsplash.com/photo-1556679343-c7306c1976bc?w=800&q=80', 'https://images.unsplash.com/photo-1556679343-c7306c1976bc?w=1200&q=80', false, NULL, 4.4),
('Energy Drink 250ml', 'Citrus energy boost.', '11111111-1111-1111-1111-111111111104', 95.00, NULL, 'can', 'https://images.unsplash.com/photo-1625772299848-391b6a87d16c?w=1200&q=80', 'https://images.unsplash.com/photo-1625772299848-391b6a87d16c?w=300&q=80', 'https://images.unsplash.com/photo-1625772299848-391b6a87d16c?w=800&q=80', 'https://images.unsplash.com/photo-1625772299848-391b6a87d16c?w=1200&q=80', false, NULL, 4.2),
('Buttermilk Drink 200ml', 'Spiced portable chaas.', '11111111-1111-1111-1111-111111111104', 25.00, NULL, 'pack', 'https://images.unsplash.com/photo-1625772299848-391b6a87d16c?w=1200&q=80', 'https://images.unsplash.com/photo-1625772299848-391b6a87d16c?w=300&q=80', 'https://images.unsplash.com/photo-1625772299848-391b6a87d16c?w=800&q=80', 'https://images.unsplash.com/photo-1625772299848-391b6a87d16c?w=1200&q=80', false, NULL, 4.3);

-- Personal Care (10)
INSERT INTO products (name, description, category_id, price, discounted_price, unit, image_url, thumbnail_url, medium_url, large_url, featured, badge, avg_rating) VALUES
('Bathing Soap 125g', 'Mild glycerin soap.', '11111111-1111-1111-1111-111111111105', 42.00, NULL, 'bar', 'https://images.unsplash.com/photo-1608248597279-f99d160bfbc8?w=1200&q=80', 'https://images.unsplash.com/photo-1608248597279-f99d160bfbc8?w=300&q=80', 'https://images.unsplash.com/photo-1608248597279-f99d160bfbc8?w=800&q=80', 'https://images.unsplash.com/photo-1608248597279-f99d160bfbc8?w=1200&q=80', false, NULL, 4.5),
('Shampoo 180ml', 'Anti-hairfall shampoo.', '11111111-1111-1111-1111-111111111105', 165.00, 149.00, 'bottle', 'https://images.unsplash.com/photo-1556228720-195a672e8a03?w=1200&q=80', 'https://images.unsplash.com/photo-1556228720-195a672e8a03?w=300&q=80', 'https://images.unsplash.com/photo-1556228720-195a672e8a03?w=800&q=80', 'https://images.unsplash.com/photo-1556228720-195a672e8a03?w=1200&q=80', true, 'Best Seller', 4.7),
('Toothpaste 150g', 'Herbal toothpaste.', '11111111-1111-1111-1111-111111111105', 95.00, NULL, 'tube', 'https://images.unsplash.com/photo-1607613009820-a38f7bb7c565?w=1200&q=80', 'https://images.unsplash.com/photo-1607613009820-a38f7bb7c565?w=300&q=80', 'https://images.unsplash.com/photo-1607613009820-a38f7bb7c565?w=800&q=80', 'https://images.unsplash.com/photo-1607613009820-a38f7bb7c565?w=1200&q=80', false, NULL, 4.6),
('Handwash 500ml', 'Moisturizing handwash.', '11111111-1111-1111-1111-111111111105', 115.00, NULL, 'bottle', 'https://images.unsplash.com/photo-1583947215259-38e31be8751f?w=1200&q=80', 'https://images.unsplash.com/photo-1583947215259-38e31be8751f?w=300&q=80', 'https://images.unsplash.com/photo-1583947215259-38e31be8751f?w=800&q=80', 'https://images.unsplash.com/photo-1583947215259-38e31be8751f?w=1200&q=80', false, NULL, 4.5),
('Face Cream 50g', 'Daily moisturizer.', '11111111-1111-1111-1111-111111111105', 185.00, NULL, 'jar', 'https://images.unsplash.com/photo-1570194065650-d99fb4b38b14?w=1200&q=80', 'https://images.unsplash.com/photo-1570194065650-d99fb4b38b14?w=300&q=80', 'https://images.unsplash.com/photo-1570194065650-d99fb4b38b14?w=800&q=80', 'https://images.unsplash.com/photo-1570194065650-d99fb4b38b14?w=1200&q=80', false, NULL, 4.4),
('Body Lotion 400ml', 'Cocoa butter lotion.', '11111111-1111-1111-1111-111111111105', 245.00, NULL, 'bottle', 'https://images.unsplash.com/photo-1620916566398-39f1143ab7be?w=1200&q=80', 'https://images.unsplash.com/photo-1620916566398-39f1143ab7be?w=300&q=80', 'https://images.unsplash.com/photo-1620916566398-39f1143ab7be?w=800&q=80', 'https://images.unsplash.com/photo-1620916566398-39f1143ab7be?w=1200&q=80', false, NULL, 4.6),
('Sanitary Pads Pack', 'Ultra thin pads.', '11111111-1111-1111-1111-111111111105', 95.00, NULL, 'pack', 'https://images.unsplash.com/photo-1583947215259-38e31be8751f?w=1200&q=80', 'https://images.unsplash.com/photo-1583947215259-38e31be8751f?w=300&q=80', 'https://images.unsplash.com/photo-1583947215259-38e31be8751f?w=800&q=80', 'https://images.unsplash.com/photo-1583947215259-38e31be8751f?w=1200&q=80', false, NULL, 4.7),
('Toothbrush Soft', 'Soft bristle brush.', '11111111-1111-1111-1111-111111111105', 35.00, NULL, 'pcs', 'https://images.unsplash.com/photo-1607613009820-a38f7bb7c565?w=1200&q=80', 'https://images.unsplash.com/photo-1607613009820-a38f7bb7c565?w=300&q=80', 'https://images.unsplash.com/photo-1607613009820-a38f7bb7c565?w=800&q=80', 'https://images.unsplash.com/photo-1607613009820-a38f7bb7c565?w=1200&q=80', false, NULL, 4.3),
('Hair Oil 100ml', 'Coconut hair oil.', '11111111-1111-1111-1111-111111111105', 72.00, NULL, 'bottle', 'https://images.unsplash.com/photo-1474979266404-7eaacbcd87c5?w=1200&q=80', 'https://images.unsplash.com/photo-1474979266404-7eaacbcd87c5?w=300&q=80', 'https://images.unsplash.com/photo-1474979266404-7eaacbcd87c5?w=800&q=80', 'https://images.unsplash.com/photo-1474979266404-7eaacbcd87c5?w=1200&q=80', false, NULL, 4.5),
('Deodorant 150ml', 'Fresh aqua scent.', '11111111-1111-1111-1111-111111111105', 195.00, NULL, 'spray', 'https://images.unsplash.com/photo-1556228720-195a672e8a03?w=1200&q=80', 'https://images.unsplash.com/photo-1556228720-195a672e8a03?w=300&q=80', 'https://images.unsplash.com/photo-1556228720-195a672e8a03?w=800&q=80', 'https://images.unsplash.com/photo-1556228720-195a672e8a03?w=1200&q=80', false, NULL, 4.4);

-- Note: Admin user is created by Spring Boot DataInitializer with BCrypt hash — see README.
